"conditions","R","se","lowCI","highCI","LRT_P","P_permut"
"Red",0.438111634251254,0.0851888977841874,0.250584222165641,0.584634766257874,5.25328283548624e-06,0.001
"Green",0.454034364903551,0.0822033599215954,0.278015187633454,0.604282615494583,1.44991666892169e-06,0.001
"Grey",0.455932279326129,0.0805450969789768,0.276242431352889,0.607029846048565,1.29398220157365e-06,0.001
"Orange",0.463614484897698,0.0814109516720758,0.283405301085175,0.605195019545717,1.63733137664146e-06,0.001
