"conditions","R","se","lowCI","highCI","LRT_P","P_permut","CS"
"Across",0.0470487360682725,0.024023277980575,0.00143977208542765,0.0976640456567878,0.0170442404319715,0.0123,"Across Conditions"
"Green_Blue",0.0282916801458442,0.0463040622186081,0,0.153758018246893,0.36864023415819,0.3225,"Green/Blue"
"Blue_Green",0.150790221562327,0.0651635147210822,0.0236018391237422,0.278951790819489,0.0100683098798437,0.0093,"Blue/Green"
"First",0,0.0624924476126185,0,0.211550336502951,1,1,"Green/Blue & Blue/Green"
"Second",0.0129956787834322,0.0674618861296402,0,0.223688653721301,0.466740571689815,0.4931,"Green/Blue & Blue/Green"
"Third",0,0.0635368611672039,0,0.210288914891381,1,1,"Green/Blue & Blue/Green"
"All",0.0135020243043894,0.0224911569674874,0,0.0752516778661381,0.336168476484259,0.3244,"Green/Blue & Blue/Green"
